probability,noise_model,n_bits,shots,time_s,L2_pop,Fro_norm,Fidelity
0.0,none,3,4096,0.0019277410028735176,0.2484555219915248,2.893410624288032e-15,0.9999999999999998
0.0,none,4,4096,0.002093171002343297,0.18329970166920362,6.150553490970361e-15,0.9999999999999963
0.0,none,5,4096,0.002492153005732689,0.12572128098396285,1.4409335622921437e-14,0.99999999999999
0.0,none,6,4096,0.0024482540029566735,0.08862809095924429,1.1541505555401834e-13,1.000000000000084
0.0,none,7,4096,0.002950073998363223,0.0655907314382005,1.3957354494248653e-13,1.0000000000001013
0.0,none,8,4096,0.005749906005803496,0.04686228261730847,1.3050710099157306e-12,1.0000000000009763
