n_bits,shots,sim_time_s,l2_norm,gpu_core_pct,gpu_mem_pct,gpu_mem_mib
3,1024,0.0005681639999011168,0.019186408891004394,0.0,0.0,0.0
4,1024,0.0006055400000377631,0.02231183527108567,0.0,0.0,0.0
5,1024,0.0007626350000009552,0.03585460888805824,0.0,0.0,0.0
